Product,Price,Rating
iPhone X 256GB,34.790.000₫,5.0
iPhone X 64GB,29.990.000₫,5.0
iPhone 8 Plus Red 256GB (Đỏ),28.790.000₫,0.0
iPhone 8 256GB,25.790.000₫,0.0
Samsung Galaxy S9+ 128GB,24.490.000₫,5.0
Samsung Galaxy S9+ 128GB Hoàng Kim,24.490.000₫,0.0
iPhone 8 Plus 64GB,23.990.000₫,5.0
Samsung Galaxy S9+ 64GB,23.490.000₫,5.0
iPhone 8 Plus Red 64GB (Đỏ),23.990.000₫,0.0
iPhone 7 Plus 128GB,22.990.000₫,4.0
Samsung Galaxy Note 8,22.490.000₫,5.0
iPhone 8 64GB,20.990.000₫,4.5
iPhone 8 Red 64GB (Đỏ),20.990.000₫,0.0
iPhone 7 Plus 32GB,19.990.000₫,5.0
Huawei P20 Pro,19.990.000₫,5.0
Samsung Galaxy S9,19.990.000₫,4.0
Sony Xperia XZ2,19.990.000₫,0.0
Samsung Galaxy S8 Plus,17.990.000₫,4.5
iPhone 7 32GB,15.990.000₫,4.0
Samsung Galaxy S8,15.990.000₫,5.0
iPhone 6s Plus 32GB,13.990.000₫,5.0
Samsung Galaxy A8+ (2018),13.490.000₫,4.0
iPhone 6s 32GB,12.490.000₫,4.0
Samsung Galaxy A8 (2018),10.990.000₫,4.0
Sony Xperia XZ1,11.990.000₫,5.0
OPPO F7 128GB,9.990.000₫,5.0
Sony Xperia XZ Dual,9.990.000₫,4.0
Bphone 2017,9.790.000₫,5.0
Samsung Galaxy A6+ (2018),8.990.000₫,5.0
Nokia 7 plus,8.990.000₫,4.5
Samsung Galaxy C9 Pro,8.990.000₫,4.0
HTC U Ultra,8.990.000₫,4.0
OPPO F7,7.990.000₫,4.5
Vivo V9,7.990.000₫,5.0
Vivo V9 Special Edition,7.990.000₫,4.0
Motorola Moto Z2 Play,7.990.000₫,5.0
iPhone 6 32GB,7.490.000₫,4.0
OPPO F5 6GB,7.490.000₫,4.0
Motorola Moto X4,7.490.000₫,5.0
Samsung Galaxy J7+,7.290.000₫,4.0
Samsung Galaxy A6 (2018),6.990.000₫,4.0
Huawei Nova 3e,6.990.000₫,4.0
Oppo F5,6.990.000₫,4.0
Nokia 6 new 64GB,6.990.000₫,4.5
Sony Xperia XA1 Ultra,6.990.000₫,4.0
Sony Xperia X,6.990.000₫,4.0
Vivo V7+,6.990.000₫,5.0
Motorola Moto G5S Plus,6.990.000₫,4.5
OPPO F7 Youth,6.490.000₫,2.5
OPPO F3 Plus,6.490.000₫,4.5
Sony Xperia XA1 Ultra Pink,6.490.000₫,3.5
Samsung Galaxy J7 Pro,6.090.000₫,4.0
Nokia 6 new,5.990.000₫,4.0
OPPO F5 Youth,5.990.000₫,4.5
Sony Xperia XA1 Plus,5.990.000₫,4.0
Vivo V7,5.990.000₫,4.0
Vivo Y85,5.990.000₫,4.0
Mobiistar Prime X Max 2018,5.990.000₫,5.0
Vivo V5s,5.990.000₫,5.0
Xiaomi Redmi Note 5,5.690.000₫,4.0
Nokia 6,5.590.000₫,4.0
Xiaomi Mi A1 64GB,5.490.000₫,4.0
Vivo Y69,5.490.000₫,5.0
Samsung Galaxy J6,5.290.000₫,5.0
Samsung Galaxy J7 Prime,4.990.000₫,4.0
Huawei Nova 2i,4.990.000₫,4.0
OPPO A83,4.990.000₫,4.0
Xiaomi Mi A1 32GB,4.990.000₫,4.0
Sony Xperia XA1,4.990.000₫,3.0
Sony Xperia L2,4.990.000₫,4.0
OPPO A83 2018 (không tai nghe),4.890.000₫,5.0
Xiaomi Redmi 5 Plus 4GB,4.790.000₫,5.0
ASUS Zenfone Max Plus M1 - ZB570TL,4.490.000₫,5.0
Xiaomi Redmi Note 4,4.290.000₫,5.0
OPPO A83 2018 16GB,4.190.000₫,4.0
OPPO A71 32GB (2018),4.190.000₫,4.0
Huawei Y7 Pro (2018),3.990.000₫,4.0
Samsung Galaxy J3 Pro,3.990.000₫,4.0
Asus Zenfone 4 Max Pro ZC554KL,3.990.000₫,5.0
Vivo Y71,3.990.000₫,4.0
HTC 10 evo,3.990.000₫,4.0
Motorola Moto E4 Plus,3.990.000₫,4.0
Nokia 5,3.860.000₫,4.0
Samsung Galaxy J4,3.790.000₫,5.0
HTC U Play,3.790.000₫,4.0
Xiaomi Redmi 4X,3.690.000₫,4.0
OPPO A71 (2018),3.690.000₫,4.0
Xiaomi Redmi Note 5A Prime,3.690.000₫,4.0
Huawei Y7 Prime,3.690.000₫,4.0
Sony Xperia L1,3.590.000₫,3.0
Asus Zenfone 4 Max ZC520KL,3.490.000₫,4.5
Vivo Y55s,3.490.000₫,5.0
Samsung Galaxy J2 Pro (2018),3.290.000₫,4.0
OPPO A71k (2018),3.290.000₫,4.0
Huawei Y6 Prime (2018),3.290.000₫,4.0
OPPO A37 (A37fw),3.290.000₫,4.0
Mobiistar Zumbo S2 Dual,3.290.000₫,4.0
Vivo Y53,3.090.000₫,4.0
Mobiistar E Selfie,2.990.000₫,5.0
Nokia 3,2.790.000₫,4.0
Huawei Y5 2017,2.790.000₫,5.0
Philips S329,2.790.000₫,3.0
Samsung Galaxy J2 Prime,2.690.000₫,4.0
Mobiistar Zumbo S2,2.690.000₫,4.0
Mobiistar Lai Zumbo S (2017),2.590.000₫,5.0
Motorola Moto C Plus,2.590.000₫,4.0
Asus Zenfone Live ZB501KL,2.390.000₫,4.0
Mobell Nova P3,2.390.000₫,2.0
Philips S327,2.390.000₫,5.0
Mobiistar Zumbo J2,2.350.000₫,4.0
Nokia 2,2.190.000₫,4.0
Itel P51,2.090.000₫,4.5
Mobell Nova F7 Pro,2.090.000₫,5.0
Mobiistar Lai Zumbo S Lite (2017),1.990.000₫,4.0
Itel S31,1.990.000₫,4.0
Motorola Moto C 4G,1.990.000₫,4.0
Nokia 1,1.890.000₫,5.0
Huawei Y3 2017,1.790.000₫,4.0
Itel S11 Plus,1.790.000₫,4.0
Mobell Nova i6,1.690.000₫,4.0
Nokia 8110 4G,1.680.000₫,4.0
Mobiistar Zumbo Power,1.650.000₫,5.0
Mobell S50,1.590.000₫,3.5
Itel it1516 Plus,1.550.000₫,4.0
Mobiistar Lai Yuna 1,1.550.000₫,4.0
Mobell Nova i4,1.490.000₫,3.0
Mobiistar Lai Zoro 3,1.350.000₫,0.0
Mobell S40,1.350.000₫,5.0
Itel it1508 Plus,1.290.000₫,4.0
Mobiistar Zoro 4G,1.290.000₫,4.0
Nokia 230 (không tặng thẻ nhớ),1.250.000₫,4.0
Mobiistar Lai Z2,1.190.000₫,4.0
Itel A13,1.090.000₫,4.0
Nokia 3310 2017,1.060.000₫,5.0
Mobell S30,990.000₫,4.0
Mobiistar Lai Z1,990.000₫,3.5
Philips E570,990.000₫,4.0
Philips E331,990.000₫,5.0
Nokia 216 (không tặng thẻ nhớ),760.000₫,4.0
Mobell M889,690.000₫,4.0
Nokia 150 (không tặng thẻ nhớ),650.000₫,4.0
Mobell Rock 3,590.000₫,4.0
Philips E181,590.000₫,4.0
Philips E170,590.000₫,4.0
Itel it5630,580.000₫,4.0
Mobell M789,550.000₫,4.0
Philips E316,550.000₫,4.0
Itel it7100,550.000₫,4.0
Nokia 130 (2017),520.000₫,5.0
Philips E168,490.000₫,4.0
Mobell M529,490.000₫,5.0
Mobiistar B821,450.000₫,4.0
MOBELL M389,420.000₫,4.5
Mobiistar B821 Trắng,390.000₫,0.0
Nokia 105 Dual Sim (2017),360.000₫,5.0
Mobell M339,360.000₫,5.0
Nokia 105 Single Sim (2017),350.000₫,4.0
Samsung E1200,350.000₫,5.0
Mobiistar B242i,350.000₫,4.5
Mobiistar B248i,350.000₫,5.0
Itel it5602,320.000₫,4.0
Itel it5070,310.000₫,5.0
Philips E103,280.000₫,4.0
Mobiistar B310,260.000₫,4.0
Philips E105,260.000₫,4.0
Philips E106,230.000₫,4.0
Itel it2180,220.000₫,4.0
Mobiistar B221 (2017),220.000₫,4.0
MOBELL M228,210.000₫,4.0
Itel it2123,160.000₫,4.5
